{"cameraMode":{"drawMode":0,"name":"Shaded","section":"Shading Mode"},"sceneLighting":true,"audioPlay":false,"sceneViewState":{"showFog":false,"showMaterialUpdate":false,"showSkybox":false,"showFlares":false,"showImageEffects":false,"showParticleSystems":false},"in2DMode":false,"pivot":{"x":8.957794189453125,"y":-7.3277740478515629,"z":64.7776870727539},"rotation":{"x":0.2095271646976471,"y":-0.617837131023407,"z":0.17558875679969788,"w":0.7372549176216126},"size":45.056976318359378,"orthographic":false}