{"cameraMode":{"drawMode":0,"name":"Shaded","section":"Shading Mode"},"sceneLighting":true,"audioPlay":false,"sceneViewState":{"showFog":false,"showMaterialUpdate":false,"showSkybox":false,"showFlares":false,"showImageEffects":false,"showParticleSystems":false},"in2DMode":false,"pivot":{"x":1.4285619258880616,"y":2.7624473571777345,"z":-0.5123195648193359},"rotation":{"x":0.24023248255252839,"y":0.09880981594324112,"z":-0.02458905428647995,"w":0.9653612971305847},"size":-0.6339744329452515,"orthographic":false}