{"cameraMode":{"drawMode":0,"name":"Shaded","section":"Shading Mode"},"sceneLighting":false,"audioPlay":false,"sceneViewState":{"showFog":false,"showMaterialUpdate":false,"showSkybox":false,"showFlares":false,"showImageEffects":false,"showParticleSystems":false},"in2DMode":false,"pivot":{"x":-5.373990058898926,"y":10.55471420288086,"z":-2.228921890258789},"rotation":{"x":0.2797912657260895,"y":0.07191988825798035,"z":-0.021023733541369439,"w":0.9571326971054077},"size":11.62230396270752,"orthographic":false}