{"cameraMode":{"drawMode":0,"name":"Shaded","section":"Shading Mode"},"sceneLighting":true,"audioPlay":false,"sceneViewState":{"showFog":false,"showMaterialUpdate":false,"showSkybox":false,"showFlares":false,"showImageEffects":false,"showParticleSystems":false},"in2DMode":false,"pivot":{"x":53.35258483886719,"y":10.704233169555664,"z":-32.83816909790039},"rotation":{"x":0.02169705554842949,"y":-0.8409162163734436,"z":-0.033817823976278308,"w":-0.5396866202354431},"size":33.82046890258789,"orthographic":false}